{
  "height": 252.64670658682633,
  "width": 629.46107784431138,
  "x": 650.15568862275438,
  "y": 246.61077844311376,
  "z": 6000
}