{
  "height": 720,
  "width": 889.005988023952,
  "x": 150.89820359281435,
  "y": 0,
  "z": 2
}