{
  "height": 68.119760479041915,
  "width": 155.20958083832335,
  "x": 126.92343124402132,
  "y": 58.194805654962266,
  "z": 7000
}