{
  "height": 74.545454545454533,
  "width": 677.27272727272725,
  "x": 0,
  "y": 126.36363636363636,
  "z": 2000
}