{
  "height": 93.125748502994,
  "width": 94.8502994011976,
  "x": 688.09580838323348,
  "y": 12.934131736526945,
  "z": 8000
}