{
  "height": 53.461077844311376,
  "width": 647.56886227544908,
  "x": 3.4491017964071853,
  "y": 0,
  "z": 5000
}