{
  "height": 68.119760479041915,
  "width": 196.59880239520956,
  "x": 480.45636537575791,
  "y": 58.194805654962266,
  "z": 4000
}