{
  "height": 226.77844311377243,
  "width": 629.46107784431138,
  "x": 650.15568862275438,
  "y": 493.22155688622752,
  "z": 13000
}