{
  "height": 86.227544910179631,
  "width": 232.81437125748502,
  "x": 1014.0359281437125,
  "y": 12.934131736526945,
  "z": 12000
}