{
  "height": 68.119760479041915,
  "width": 130.20359281437123,
  "x": 1.8934911242612107,
  "y": 58.194805654962266,
  "z": 9000
}