{
  "height": 86.36363636363636,
  "width": 215.45454545454544,
  "x": 798.18181818181813,
  "y": 12.934131736526945,
  "z": 11000
}