{
  "height": 67.257485029940113,
  "width": 205.22155688622752,
  "x": 280.40846118414123,
  "y": 59.057081104064061,
  "z": 10000
}