{
  "height": 450,
  "width": 649.090909090909,
  "x": 0.90909090909090906,
  "y": 246.36363636363635,
  "z": 3000
}