{
  "height": 150,
  "width": 310.90909090909088,
  "x": 688.18181818181813,
  "y": 99.297768100163339,
  "z": 0
}